[{"model": "admin.logentry", "pk": 1, "fields": {"action_time": "2022-09-25T16:17:48.867Z", "user": 1, "content_type": 7, "object_id": "1", "object_repr": "Category object (1)", "action_flag": 1, "change_message": "[{\"added\": {}}]"}}, {"model": "admin.logentry", "pk": 2, "fields": {"action_time": "2022-09-25T16:19:06.428Z", "user": 1, "content_type": 8, "object_id": "1", "object_repr": "Product object (1)", "action_flag": 1, "change_message": "[{\"added\": {}}]"}}, {"model": "admin.logentry", "pk": 3, "fields": {"action_time": "2022-10-01T14:19:29.947Z", "user": 1, "content_type": 8, "object_id": "1", "object_repr": "Product object (1)", "action_flag": 3, "change_message": ""}}, {"model": "admin.logentry", "pk": 4, "fields": {"action_time": "2022-10-01T14:20:53.336Z", "user": 1, "content_type": 7, "object_id": "1", "object_repr": "Category object (1)", "action_flag": 2, "change_message": "[{\"changed\": {\"fields\": [\"Name\"]}}]"}}, {"model": "admin.logentry", "pk": 5, "fields": {"action_time": "2022-10-01T14:21:00.857Z", "user": 1, "content_type": 7, "object_id": "1", "object_repr": "Category object (1)", "action_flag": 2, "change_message": "[{\"changed\": {\"fields\": [\"Name\"]}}]"}}, {"model": "admin.logentry", "pk": 6, "fields": {"action_time": "2022-10-01T14:21:58.582Z", "user": 1, "content_type": 7, "object_id": "1", "object_repr": "Category object (1)", "action_flag": 2, "change_message": "[{\"changed\": {\"fields\": [\"Name\"]}}]"}}, {"model": "admin.logentry", "pk": 7, "fields": {"action_time": "2022-10-01T14:22:22.442Z", "user": 1, "content_type": 8, "object_id": "2", "object_repr": "Product object (2)", "action_flag": 1, "change_message": "[{\"added\": {}}]"}}, {"model": "admin.logentry", "pk": 8, "fields": {"action_time": "2022-10-01T14:22:43.547Z", "user": 1, "content_type": 8, "object_id": "2", "object_repr": "Product object (2)", "action_flag": 2, "change_message": "[]"}}, {"model": "admin.logentry", "pk": 9, "fields": {"action_time": "2022-10-01T14:26:18.250Z", "user": 1, "content_type": 8, "object_id": "3", "object_repr": "Product object (3)", "action_flag": 1, "change_message": "[{\"added\": {}}]"}}, {"model": "admin.logentry", "pk": 10, "fields": {"action_time": "2022-10-24T21:15:18.809Z", "user": 13, "content_type": 4, "object_id": "14", "object_repr": "vishal@cradmin.in", "action_flag": 2, "change_message": "[{\"changed\": {\"fields\": [\"Staff status\", \"User permissions\"]}}]"}}, {"model": "admin.logentry", "pk": 11, "fields": {"action_time": "2022-10-26T19:01:20.362Z", "user": 13, "content_type": 10, "object_id": "14", "object_repr": "7977209512", "action_flag": 1, "change_message": "[{\"added\": {}}]"}}, {"model": "admin.logentry", "pk": 12, "fields": {"action_time": "2022-10-28T16:37:44.716Z", "user": 13, "content_type": 7, "object_id": "2", "object_repr": "Unbox Happiness", "action_flag": 1, "change_message": "[{\"added\": {}}]"}}, {"model": "admin.logentry", "pk": 13, "fields": {"action_time": "2022-10-28T16:38:22.161Z", "user": 13, "content_type": 8, "object_id": "4", "object_repr": "Product object (4)", "action_flag": 1, "change_message": "[{\"added\": {}}]"}}, {"model": "admin.logentry", "pk": 14, "fields": {"action_time": "2022-10-28T16:39:20.490Z", "user": 13, "content_type": 8, "object_id": "4", "object_repr": "Product object (4)", "action_flag": 3, "change_message": ""}}, {"model": "admin.logentry", "pk": 15, "fields": {"action_time": "2022-10-28T17:46:46.318Z", "user": 13, "content_type": 8, "object_id": "5", "object_repr": "Almond Cookie", "action_flag": 1, "change_message": "[{\"added\": {}}]"}}, {"model": "admin.logentry", "pk": 16, "fields": {"action_time": "2022-10-28T17:48:43.567Z", "user": 13, "content_type": 8, "object_id": "6", "object_repr": "Peanut Butter Cup", "action_flag": 1, "change_message": "[{\"added\": {}}]"}}, {"model": "admin.logentry", "pk": 17, "fields": {"action_time": "2022-10-28T17:49:26.378Z", "user": 13, "content_type": 7, "object_id": "2", "object_repr": "Min Hampers", "action_flag": 2, "change_message": "[{\"changed\": {\"fields\": [\"Name\"]}}]"}}, {"model": "admin.logentry", "pk": 18, "fields": {"action_time": "2022-10-28T17:49:46.130Z", "user": 13, "content_type": 7, "object_id": "2", "object_repr": "Mini Hampers", "action_flag": 2, "change_message": "[{\"changed\": {\"fields\": [\"Name\"]}}]"}}, {"model": "admin.logentry", "pk": 19, "fields": {"action_time": "2022-10-28T17:51:02.365Z", "user": 13, "content_type": 8, "object_id": "7", "object_repr": "Solo Pack", "action_flag": 1, "change_message": "[{\"added\": {}}]"}}, {"model": "admin.logentry", "pk": 20, "fields": {"action_time": "2022-10-28T17:52:50.129Z", "user": 13, "content_type": 8, "object_id": "8", "object_repr": "Couple Pack", "action_flag": 1, "change_message": "[{\"added\": {}}]"}}, {"model": "admin.logentry", "pk": 21, "fields": {"action_time": "2022-10-28T17:54:11.312Z", "user": 13, "content_type": 8, "object_id": "9", "object_repr": "Family Pack", "action_flag": 1, "change_message": "[{\"added\": {}}]"}}, {"model": "auth.permission", "pk": 1, "fields": {"name": "Can add log entry", "content_type": 1, "codename": "add_logentry"}}, {"model": "auth.permission", "pk": 2, "fields": {"name": "Can change log entry", "content_type": 1, "codename": "change_logentry"}}, {"model": "auth.permission", "pk": 3, "fields": {"name": "Can delete log entry", "content_type": 1, "codename": "delete_logentry"}}, {"model": "auth.permission", "pk": 4, "fields": {"name": "Can view log entry", "content_type": 1, "codename": "view_logentry"}}, {"model": "auth.permission", "pk": 5, "fields": {"name": "Can add permission", "content_type": 2, "codename": "add_permission"}}, {"model": "auth.permission", "pk": 6, "fields": {"name": "Can change permission", "content_type": 2, "codename": "change_permission"}}, {"model": "auth.permission", "pk": 7, "fields": {"name": "Can delete permission", "content_type": 2, "codename": "delete_permission"}}, {"model": "auth.permission", "pk": 8, "fields": {"name": "Can view permission", "content_type": 2, "codename": "view_permission"}}, {"model": "auth.permission", "pk": 9, "fields": {"name": "Can add group", "content_type": 3, "codename": "add_group"}}, {"model": "auth.permission", "pk": 10, "fields": {"name": "Can change group", "content_type": 3, "codename": "change_group"}}, {"model": "auth.permission", "pk": 11, "fields": {"name": "Can delete group", "content_type": 3, "codename": "delete_group"}}, {"model": "auth.permission", "pk": 12, "fields": {"name": "Can view group", "content_type": 3, "codename": "view_group"}}, {"model": "auth.permission", "pk": 13, "fields": {"name": "Can add user", "content_type": 4, "codename": "add_user"}}, {"model": "auth.permission", "pk": 14, "fields": {"name": "Can change user", "content_type": 4, "codename": "change_user"}}, {"model": "auth.permission", "pk": 15, "fields": {"name": "Can delete user", "content_type": 4, "codename": "delete_user"}}, {"model": "auth.permission", "pk": 16, "fields": {"name": "Can view user", "content_type": 4, "codename": "view_user"}}, {"model": "auth.permission", "pk": 17, "fields": {"name": "Can add content type", "content_type": 5, "codename": "add_contenttype"}}, {"model": "auth.permission", "pk": 18, "fields": {"name": "Can change content type", "content_type": 5, "codename": "change_contenttype"}}, {"model": "auth.permission", "pk": 19, "fields": {"name": "Can delete content type", "content_type": 5, "codename": "delete_contenttype"}}, {"model": "auth.permission", "pk": 20, "fields": {"name": "Can view content type", "content_type": 5, "codename": "view_contenttype"}}, {"model": "auth.permission", "pk": 21, "fields": {"name": "Can add session", "content_type": 6, "codename": "add_session"}}, {"model": "auth.permission", "pk": 22, "fields": {"name": "Can change session", "content_type": 6, "codename": "change_session"}}, {"model": "auth.permission", "pk": 23, "fields": {"name": "Can delete session", "content_type": 6, "codename": "delete_session"}}, {"model": "auth.permission", "pk": 24, "fields": {"name": "Can view session", "content_type": 6, "codename": "view_session"}}, {"model": "auth.permission", "pk": 25, "fields": {"name": "Can add category", "content_type": 7, "codename": "add_category"}}, {"model": "auth.permission", "pk": 26, "fields": {"name": "Can change category", "content_type": 7, "codename": "change_category"}}, {"model": "auth.permission", "pk": 27, "fields": {"name": "Can delete category", "content_type": 7, "codename": "delete_category"}}, {"model": "auth.permission", "pk": 28, "fields": {"name": "Can view category", "content_type": 7, "codename": "view_category"}}, {"model": "auth.permission", "pk": 29, "fields": {"name": "Can add product", "content_type": 8, "codename": "add_product"}}, {"model": "auth.permission", "pk": 30, "fields": {"name": "Can change product", "content_type": 8, "codename": "change_product"}}, {"model": "auth.permission", "pk": 31, "fields": {"name": "Can delete product", "content_type": 8, "codename": "delete_product"}}, {"model": "auth.permission", "pk": 32, "fields": {"name": "Can view product", "content_type": 8, "codename": "view_product"}}, {"model": "auth.permission", "pk": 33, "fields": {"name": "Can add order", "content_type": 9, "codename": "add_order"}}, {"model": "auth.permission", "pk": 34, "fields": {"name": "Can change order", "content_type": 9, "codename": "change_order"}}, {"model": "auth.permission", "pk": 35, "fields": {"name": "Can delete order", "content_type": 9, "codename": "delete_order"}}, {"model": "auth.permission", "pk": 36, "fields": {"name": "Can view order", "content_type": 9, "codename": "view_order"}}, {"model": "auth.permission", "pk": 37, "fields": {"name": "Can add extended user", "content_type": 10, "codename": "add_extendeduser"}}, {"model": "auth.permission", "pk": 38, "fields": {"name": "Can change extended user", "content_type": 10, "codename": "change_extendeduser"}}, {"model": "auth.permission", "pk": 39, "fields": {"name": "Can delete extended user", "content_type": 10, "codename": "delete_extendeduser"}}, {"model": "auth.permission", "pk": 40, "fields": {"name": "Can view extended user", "content_type": 10, "codename": "view_extendeduser"}}, {"model": "auth.user", "pk": 1, "fields": {"password": "pbkdf2_sha256$390000$zie2jSQ58AcokTBORLWevD$X/IZJgRpDdUmW8RTx5pX92yHieOqy1tre5xtnfIcMXc=", "last_login": "2022-09-25T16:17:37.234Z", "is_superuser": true, "username": "vishal", "first_name": "", "last_name": "", "email": "vishal.ramnani171@gmail.com", "is_staff": true, "is_active": true, "date_joined": "2022-09-25T16:16:42.008Z", "groups": [], "user_permissions": []}}, {"model": "auth.user", "pk": 2, "fields": {"password": "pbkdf2_sha256$390000$k3w0z8QzzmhAV04Go3EY5l$o2b3j4TtuMgy+N00rTIAxMIhmQbx/LzIAPrMfyHu2/Q=", "last_login": null, "is_superuser": false, "username": "vishal.ramnani@gmail.com", "first_name": "Vishal Ramnai", "last_name": "", "email": "vishal.ramnani@gmail.com", "is_staff": false, "is_active": true, "date_joined": "2022-09-25T16:21:37.227Z", "groups": [], "user_permissions": []}}, {"model": "auth.user", "pk": 3, "fields": {"password": "pbkdf2_sha256$390000$kwPdp4oBXOy0Gmo1NRUsGR$L96iDWCAGDKJPQ81LPLkOyi5YIZZtw6EJ2okBJg6GMc=", "last_login": null, "is_superuser": false, "username": "vishal.ramnani161@gmail.com", "first_name": "Vishal Ramnani", "last_name": "", "email": "vishal.ramnani161@gmail.com", "is_staff": false, "is_active": true, "date_joined": "2022-10-01T16:36:49.313Z", "groups": [], "user_permissions": []}}, {"model": "auth.user", "pk": 4, "fields": {"password": "pbkdf2_sha256$390000$03rbzovIkHv8ZOBPQUwczq$fAXYEvaipmLfkIKbQff5ROJeqO1qI+3nty3PmfPUCc0=", "last_login": null, "is_superuser": false, "username": "vishal@gmail.com", "first_name": "Vishal Ramnani", "last_name": "", "email": "vishal@gmail.com", "is_staff": false, "is_active": true, "date_joined": "2022-10-01T17:28:33.857Z", "groups": [], "user_permissions": []}}, {"model": "auth.user", "pk": 5, "fields": {"password": "pbkdf2_sha256$390000$o4kfwmK9XxrcXDFI6xdJHx$/MnscYj3X/v6BPpUqJr/n3470VJ+0RI07vYttbgoQSk=", "last_login": null, "is_superuser": false, "username": "vishal@cr.com", "first_name": "Vishal Ramnani", "last_name": "", "email": "vishal@cr.com", "is_staff": false, "is_active": true, "date_joined": "2022-10-01T17:33:03.335Z", "groups": [], "user_permissions": []}}, {"model": "auth.user", "pk": 6, "fields": {"password": "pbkdf2_sha256$390000$pKlcGE1pEHd4ttuawZu7vA$KHm3XurYDzQmbSmTIJnliHB0FvNBbuJ1eb8x+GdVlGQ=", "last_login": null, "is_superuser": false, "username": "vishal.ramnani@catrasoi.com", "first_name": "Vishal Ramnasni", "last_name": "", "email": "vishal.ramnani@catrasoi.com", "is_staff": false, "is_active": true, "date_joined": "2022-10-01T18:14:28.997Z", "groups": [], "user_permissions": []}}, {"model": "auth.user", "pk": 7, "fields": {"password": "pbkdf2_sha256$390000$9BxSGWOZvlZOo8VwkNZv1K$Goz44Z5KL4OSR3X8d6pwIz6Gb3yJLD6Rg8gOI2J9ta4=", "last_login": null, "is_superuser": false, "username": "richat@gmail.com", "first_name": "Richa Tripah", "last_name": "", "email": "richat@gmail.com", "is_staff": false, "is_active": true, "date_joined": "2022-10-01T18:37:49.068Z", "groups": [], "user_permissions": []}}, {"model": "auth.user", "pk": 8, "fields": {"password": "pbkdf2_sha256$390000$LP4gl9J3MOzAC35fbUJcQ1$eoA5G4imkJ9vzP1PymHSIoH09bgORR0RLKpc4wUDqUE=", "last_login": null, "is_superuser": false, "username": "vishal.ramnani54@gmail.com", "first_name": "Vishal Ramnani", "last_name": "", "email": "vishal.ramnani54@gmail.com", "is_staff": false, "is_active": true, "date_joined": "2022-10-02T14:54:15.905Z", "groups": [], "user_permissions": []}}, {"model": "auth.user", "pk": 9, "fields": {"password": "pbkdf2_sha256$390000$UEFP0lz0uL2pi5zEIwHFzD$vU7S+Qo/eDyzXJ4GFr08rusXbOvH3sInriohsv6NGyo=", "last_login": null, "is_superuser": false, "username": "vishal@vishal.com", "first_name": "Vishal Ramnani    ", "last_name": "", "email": "vishal@vishal.com", "is_staff": false, "is_active": true, "date_joined": "2022-10-02T15:06:12.619Z", "groups": [], "user_permissions": []}}, {"model": "auth.user", "pk": 10, "fields": {"password": "pbkdf2_sha256$390000$aZ2PBwdOHatYq5eeyHZZoP$kIIKxqU+UUzF8tkjzeac1dBnAZhF1J4bFHFNvoEoLg0=", "last_login": null, "is_superuser": false, "username": "vishal@cr.in", "first_name": "Vishal V Ramnani  ", "last_name": "", "email": "vishal@cr.in", "is_staff": false, "is_active": true, "date_joined": "2022-10-02T15:28:01.621Z", "groups": [], "user_permissions": []}}, {"model": "auth.user", "pk": 11, "fields": {"password": "pbkdf2_sha256$390000$z1FqgWi3U46ORHvoJM8HNo$PWPxy6yQT8Y9r1EhUZYkzNaXcdEbhZmPRDPnXB7Pa54=", "last_login": null, "is_superuser": false, "username": "vishal.ramnanii@gmail.com", "first_name": "Vishal Ramnani", "last_name": "", "email": "vishal.ramnanii@gmail.com", "is_staff": false, "is_active": true, "date_joined": "2022-10-02T15:44:32.629Z", "groups": [], "user_permissions": []}}, {"model": "auth.user", "pk": 12, "fields": {"password": "pbkdf2_sha256$390000$5cDTIeMoXqAQ1qbSxNO0fT$EF2y7tITEP89lI/0vEzxushRYRi8Zqfcs5c3aXiQOsc=", "last_login": null, "is_superuser": false, "username": "vishall@gmail.com", "first_name": "Vishal Rmnani", "last_name": "", "email": "vishall@gmail.com", "is_staff": false, "is_active": true, "date_joined": "2022-10-23T15:20:18.751Z", "groups": [], "user_permissions": []}}, {"model": "auth.user", "pk": 13, "fields": {"password": "pbkdf2_sha256$390000$fx2cDDjpC8u68aCTRSbqBR$WvDjpOJzvmWBD4knkWjzOh86+IcXH1saJXJYrn2UMaU=", "last_login": "2022-10-24T21:13:33.919Z", "is_superuser": true, "username": "admin", "first_name": "", "last_name": "", "email": "admin@cr.in", "is_staff": true, "is_active": true, "date_joined": "2022-10-24T21:12:35.592Z", "groups": [], "user_permissions": []}}, {"model": "auth.user", "pk": 14, "fields": {"password": "pbkdf2_sha256$390000$AOiCFJGJuaLb5ZNRuz1UmK$Jr0MzhT7GDT8iS3Y6ODeanodPMM0Qb2iQZlK+chUBw0=", "last_login": null, "is_superuser": false, "username": "vishal@cradmin.in", "first_name": "Vishal Ramnani", "last_name": "", "email": "vishal@cradmin.in", "is_staff": true, "is_active": true, "date_joined": "2022-10-24T21:14:31Z", "groups": [], "user_permissions": [1, 2, 3, 4, 37, 38, 39, 40, 33, 34, 35, 36, 25, 26, 27, 28, 29, 30, 31, 32, 9, 10, 11, 12, 5, 6, 7, 8, 13, 14, 15, 16, 17, 18, 19, 20, 21, 22, 23, 24]}}, {"model": "auth.user", "pk": 15, "fields": {"password": "pbkdf2_sha256$390000$Ted5aYFELOneMKL0cxztGM$ws/PO43maFzNXvET12bdy4p61Gj4FIxkQtHbZV0AasY=", "last_login": null, "is_superuser": true, "username": "admin@cr.com", "first_name": "admin@cr.com", "last_name": "", "email": "admin@cr.com", "is_staff": true, "is_active": true, "date_joined": "2022-10-24T21:25:50.510Z", "groups": [], "user_permissions": []}}, {"model": "auth.user", "pk": 16, "fields": {"password": "pbkdf2_sha256$390000$EHduxPnvl65iqib6Hn7LGQ$VraD9FWIhwOaDbDwjHE4U9eWMS9NTkqXPtGGVzHQc9Y=", "last_login": null, "is_superuser": false, "username": "vishal.ramnani@gmail.in", "first_name": "Vishal Ramnani", "last_name": "", "email": "vishal.ramnani@gmail.in", "is_staff": false, "is_active": true, "date_joined": "2022-10-26T13:57:36.917Z", "groups": [], "user_permissions": []}}, {"model": "contenttypes.contenttype", "pk": 1, "fields": {"app_label": "admin", "model": "logentry"}}, {"model": "contenttypes.contenttype", "pk": 2, "fields": {"app_label": "auth", "model": "permission"}}, {"model": "contenttypes.contenttype", "pk": 3, "fields": {"app_label": "auth", "model": "group"}}, {"model": "contenttypes.contenttype", "pk": 4, "fields": {"app_label": "auth", "model": "user"}}, {"model": "contenttypes.contenttype", "pk": 5, "fields": {"app_label": "contenttypes", "model": "contenttype"}}, {"model": "contenttypes.contenttype", "pk": 6, "fields": {"app_label": "sessions", "model": "session"}}, {"model": "contenttypes.contenttype", "pk": 7, "fields": {"app_label": "api_products", "model": "category"}}, {"model": "contenttypes.contenttype", "pk": 8, "fields": {"app_label": "api_products", "model": "product"}}, {"model": "contenttypes.contenttype", "pk": 9, "fields": {"app_label": "api_orders", "model": "order"}}, {"model": "contenttypes.contenttype", "pk": 10, "fields": {"app_label": "api_orders", "model": "extendeduser"}}, {"model": "sessions.session", "pk": "5uxkulo1tjyeyhu5vzv2064s054u5tba", "fields": {"session_data": ".eJxVjMsOwiAURP-FtSG8egWX7vsN5MIFqRpISrsy_ruSdKG7yZwz82Ie9634vafVL8QuTGp2-i0Dxkeqg9Ad663x2Oq2LoEPhR-087lRel4P9--gYC9jnaWNBiiImBUEQMzOZUNq0tY5-w2KMmkyZxslgsMoJgsykFCAGoC9PyLFOEE:1on4lJ:PHjVihtGHrYbGs7wqn1nDiDYAlN1GjiLsUOkCq6oF50", "expire_date": "2022-11-07T21:13:33.935Z"}}, {"model": "sessions.session", "pk": "b5jl9kz25uiyei1y1dm991y98s4evt3b", "fields": {"session_data": ".eJxVjEEOwiAQRe_C2pAyBIa6dO8ZCMMMUjU0Ke3KeHdt0oVu_3vvv1RM21rj1mWJE6uzMur0u1HKD2k74Htqt1nnua3LRHpX9EG7vs4sz8vh_h3U1Ou3HsVhluQKeA6IIwECERYuGSkBFLEgBcPg2FgcgiVDRYKz2Qv4gOr9AQAqOE0:1ocUK1:yH_fu5EV9FxUA32v264vNbwpvPl-B7SY9z_z_9myhCw", "expire_date": "2022-10-09T16:17:37.333Z"}}, {"model": "api_products.category", "pk": 1, "fields": {"name": "Box of Happiness"}}, {"model": "api_products.category", "pk": 2, "fields": {"name": "Mini Hampers"}}, {"model": "api_products.product", "pk": 2, "fields": {"category": 1, "name": "Flaxseed Brownie", "price": 150.0, "description": "Our Flaxseed brownies are thick, delish, and 100% gluten-free. All thanks to almond flour and ragi! Flaxseeds are superfoods, loaded with Omega-3 fats and proteins. Even without regular flour, these low-calorie, sugar-free brownies taste exactly like your favourite brownie. They have the perfect texture and dark chocolate flavor with the sweetness of honey and jaggery.\r\nlogo", "countInStock": 49, "image": "images/flax.jpg"}}, {"model": "api_products.product", "pk": 3, "fields": {"category": 1, "name": "Coconut Tart", "price": 125.0, "description": "Lip-smacking gluten-free crunchy crust made with oats paired with ragi and coconut milk makes coconut tart a show stopper. Jazzed up with crisp desiccated coconut, you have a winning dessert. This delightful confection contains only healthy fats and no cholesterol, which calls for a cheat day every day!\r\nlogo\r\nDisclaimer & Policy", "countInStock": 149, "image": "images/tarts.jpeg"}}, {"model": "api_products.product", "pk": 5, "fields": {"category": 1, "name": "Almond Cookie", "price": 170.0, "description": "If we love almost desserts, you'll love these Almond Cookies made with almond powder, wheat flour, and vegan butter.These premium cookies made with rich ingredients will surely be your next thing.", "countInStock": 1000, "image": "images/almond_cookie.png"}}, {"model": "api_products.product", "pk": 6, "fields": {"category": 1, "name": "Peanut Butter Cup", "price": 130.0, "description": "Easy to lose yourself in the dark, thick and gooey slow-cooked Peanut butter cup is the perfect choice for you! We got just the right amount of peanut butter and dark chocolate filling that gets crunch from sprinkled peanut powder. Don’t worry about overeating because this size is perfect for portion control and at the same time satisfy your cravings", "countInStock": 991, "image": "images/pbc.png"}}, {"model": "api_products.product", "pk": 7, "fields": {"category": 2, "name": "Solo Pack", "price": 779.0, "description": "Catalytic Rasoi brings you a thoughtfully curated hamper that features the finest homemade nutritional desserts; authentic culinary delights make for the perfect Healthy and Guilt-free Diwali gift. The hampers are filled with melt-in-mouth Peanut ButterCups, a fudgy flaxseed brownie, an artisanal Zucchini Muffin, Lip-smacking Coconut Tarts, and a perfect cheat day- Oats Fudge Bar inside a bespoke packaging. The love blended with our nourishment desserts is poured from our mom's hand and allows you to maintain your shape and binge Guilt-free \r\nThis Hamper Contains \r\n1x Zucchini Muffin, 1x Flaxseed Brownie, 1x Peanut Butter Cup, 1x Coconut Tart, 1x Oats Fudge Bar", "countInStock": 486, "image": "images/sp.png"}}, {"model": "api_products.product", "pk": 8, "fields": {"category": 2, "name": "Couple Pack", "price": 1590.0, "description": "Catalytic Rasoi brings you a thoughtfully curated hamper that features the finest homemade nutritional desserts; authentic culinary delights make for the perfect Healthy and Guilt-free Diwali gift. The hampers are filled with melt-in-mouth Peanut ButterCups, a fudgy flaxseed brownie, an artisanal Zucchini Muffin, Lip-smacking Coconut Tarts, and a perfect cheat day- Oats Fudge Bar inside a bespoke packaging. The love blended with our nourishment desserts is poured from our mom's hand and allows you to maintain your shape and binge Guilt-free \r\nThis Hamper Contains\r\n2x Zucchini Muffin, 2x Flaxseed Brownie, 2x Peanut Butter Cup, 2x Coconut Tart, 2x Oats Fudge Bar", "countInStock": 199, "image": "images/cp.png"}}, {"model": "api_products.product", "pk": 9, "fields": {"category": 2, "name": "Family Pack", "price": 3196.0, "description": "Catalytic Rasoi brings you a thoughtfully curated hamper that features the finest homemade nutritional desserts; authentic culinary delights make for the perfect Healthy and Guilt-free Diwali gift. The hampers are filled with melt-in-mouth Peanut ButterCups, a fudgy flaxseed brownie, an artisanal Zucchini Muffin, Lip-smacking Coconut Tarts, and a perfect cheat day- Oats Fudge Bar inside a bespoke packaging. The love blended with our nourishment desserts is poured from our mom's hand and allows you to maintain your shape and binge Guilt-free\r\nThis Hamper Contains \r\n4x Zucchini Muffin, 4x Flaxseed Brownie, 4x Peanut Butter Cup, 4x Coconut Tart, 4x Oats Fudge Bar", "countInStock": 991, "image": "images/fp.png"}}, {"model": "api_orders.order", "pk": 1, "fields": {"order_id": "PAY2ME20220925ODR2e0e", "user": 2, "amount": 3188.65, "cart": [{"item_id": 1, "item_qty": 1, "item_name": "Cookies"}], "payment_status": "3", "order_status": "1", "timestamp_created_at": "2022-09-25T16:22:07.363Z", "timestamp_updated_at": "2022-10-26T17:34:57.999Z", "shippingAddress": {"city": "Mumbai", "address": "Andheri East Mumbai", "country": "India", "postalCode": "400093"}}}, {"model": "api_orders.order", "pk": 2, "fields": {"order_id": "PAY2ME20220925ODR228a", "user": 2, "amount": 3188.65, "cart": [{"item_id": 1, "item_qty": 1, "item_name": "Cookies"}], "payment_status": "3", "order_status": "1", "timestamp_created_at": "2022-09-25T16:36:35.820Z", "timestamp_updated_at": "2022-10-26T18:59:08.753Z", "shippingAddress": {"city": "Mumbai", "address": "Andheri East Mumbai", "country": "India", "postalCode": "400093"}}}, {"model": "api_orders.order", "pk": 3, "fields": {"order_id": "PAY2ME20220925ODR6afe", "user": 2, "amount": 3188.65, "cart": [{"item_id": 1, "item_qty": 1, "item_name": "Cookies"}], "payment_status": "3", "order_status": "1", "timestamp_created_at": "2022-09-25T17:22:58.268Z", "timestamp_updated_at": "2022-10-26T17:34:28.013Z", "shippingAddress": {"city": "Mumbai", "address": "Andheri East Mumbai", "country": "India", "postalCode": "400093"}}}, {"model": "api_orders.order", "pk": 4, "fields": {"order_id": "PAY2ME20220925ODR963b", "user": 2, "amount": 3188.65, "cart": [{"item_id": 1, "item_qty": 1, "item_name": "Cookies"}], "payment_status": "3", "order_status": "1", "timestamp_created_at": "2022-09-25T17:27:41.591Z", "timestamp_updated_at": "2022-10-28T11:25:38.693Z", "shippingAddress": {"city": "Mumbai", "address": "Andheri East Mumbai", "country": "India", "postalCode": "400093"}}}, {"model": "api_orders.order", "pk": 5, "fields": {"order_id": "PAY2ME20221001ODR3aad", "user": 2, "amount": 19131.92, "cart": [{"item_id": 1, "item_qty": 6, "item_name": "Cookies"}], "payment_status": "3", "order_status": "4", "timestamp_created_at": "2022-10-01T10:10:50.193Z", "timestamp_updated_at": "2022-11-01T17:15:32.878Z", "shippingAddress": {"city": "Mumbai", "address": "Andheri East Mumbai", "country": "India", "postalCode": "400093"}}}, {"model": "api_orders.order", "pk": 6, "fields": {"order_id": "PAY2ME20221001ODR25c9", "user": 2, "amount": 221.14, "cart": [{"item_id": 2, "item_qty": 1, "item_name": "Flaxseed Brownie"}], "payment_status": "3", "order_status": "4", "timestamp_created_at": "2022-10-01T14:24:59.083Z", "timestamp_updated_at": "2022-10-26T09:52:48.777Z", "shippingAddress": {"city": " Mumbai", "address": "Linking Road, Bandra (West) ", "country": "India", "postalCode": "400050"}}}, {"model": "api_orders.order", "pk": 7, "fields": {"order_id": "PAY2ME20221001ODR316f", "user": 2, "amount": 725.0, "cart": [{"item_id": 3, "item_qty": 1, "item_name": "Coconut Tart"}, {"item_id": 2, "item_qty": 4, "item_name": "Flaxseed Brownie"}], "payment_status": "3", "order_status": "4", "timestamp_created_at": "2022-10-01T14:32:26.072Z", "timestamp_updated_at": "2022-10-25T11:57:39.292Z", "shippingAddress": {"city": " Mumbai", "address": "Mahakali caves road andheri east", "country": "India", "postalCode": "400093"}}}, {"model": "api_orders.order", "pk": 8, "fields": {"order_id": "PAY2ME20221001ODR0c81", "user": 2, "amount": 275.0, "cart": [{"item_id": 3, "item_qty": 1, "item_name": "Coconut Tart"}, {"item_id": 2, "item_qty": 1, "item_name": "Flaxseed Brownie"}], "payment_status": "3", "order_status": "2", "timestamp_created_at": "2022-10-01T16:35:38.344Z", "timestamp_updated_at": "2022-10-25T17:07:54.181Z", "shippingAddress": {"city": " Mumbai", "address": "Kandivali east", "country": "India", "postalCode": "400101"}}}, {"model": "api_orders.order", "pk": 9, "fields": {"order_id": "PAY2ME20221001ODR397c", "user": 3, "amount": 219.63, "cart": [{"item_id": 3, "item_qty": 1, "item_name": "Coconut Tart"}], "payment_status": "3", "order_status": "4", "timestamp_created_at": "2022-10-01T16:37:04.215Z", "timestamp_updated_at": "2022-10-28T11:25:33.670Z", "shippingAddress": {"city": " Mumbai", "address": "Kandivali east", "country": "India", "postalCode": "400101"}}}, {"model": "api_orders.order", "pk": 10, "fields": {"order_id": "PAY2ME20221001ODR8d56", "user": 3, "amount": 244.63, "cart": [{"item_id": 2, "item_qty": 1, "item_name": "Flaxseed Brownie"}], "payment_status": "3", "order_status": "1", "timestamp_created_at": "2022-10-01T16:50:46.626Z", "timestamp_updated_at": "2022-10-01T16:50:46.626Z", "shippingAddress": {"city": " Mumbai", "address": "Kandivali east", "country": "India", "postalCode": "400101"}}}, {"model": "api_orders.order", "pk": 11, "fields": {"order_id": "PAY2ME20221001ODR932f", "user": 3, "amount": 244.63, "cart": [{"item_id": 2, "item_qty": 1, "item_name": "Flaxseed Brownie"}], "payment_status": "3", "order_status": "1", "timestamp_created_at": "2022-10-01T17:13:12.419Z", "timestamp_updated_at": "2022-10-01T17:13:12.419Z", "shippingAddress": {"city": " Mumbai", "address": "Kandivali east", "country": "India", "postalCode": "400101"}}}, {"model": "api_orders.order", "pk": 12, "fields": {"order_id": "PAY2ME20221001ODR5297", "user": 3, "amount": 244.63, "cart": [{"item_id": 2, "item_qty": 1, "item_name": "Flaxseed Brownie"}], "payment_status": "3", "order_status": "1", "timestamp_created_at": "2022-10-01T17:13:15.673Z", "timestamp_updated_at": "2022-10-01T17:13:15.674Z", "shippingAddress": {"city": " Mumbai", "address": "Kandivali east", "country": "India", "postalCode": "400101"}}}, {"model": "api_orders.order", "pk": 13, "fields": {"order_id": "PAY2ME20221001ODR091d", "user": 4, "amount": 369.63, "cart": [{"item_id": 2, "item_qty": 1, "item_name": "Flaxseed Brownie"}, {"item_id": 3, "item_qty": 1, "item_name": "Coconut Tart"}], "payment_status": "3", "order_status": "1", "timestamp_created_at": "2022-10-01T17:28:49.032Z", "timestamp_updated_at": "2022-10-01T17:28:49.032Z", "shippingAddress": {"city": " Mumbai", "address": "Kandivali east", "country": "India", "postalCode": "400101"}}}, {"model": "api_orders.order", "pk": 14, "fields": {"order_id": "PAY2ME20221001ODRc357", "user": 5, "amount": 125.0, "cart": [{"item_id": 3, "item_qty": 1, "item_name": "Coconut Tart"}], "payment_status": "3", "order_status": "1", "timestamp_created_at": "2022-10-01T17:33:38.494Z", "timestamp_updated_at": "2022-10-01T17:33:38.494Z", "shippingAddress": {"city": " Mumbai", "address": "Andheri west", "country": "India", "postalCode": "400093"}}}, {"model": "api_orders.order", "pk": 15, "fields": {"order_id": "PAY2ME20221001ODRdb80", "user": 5, "amount": 150.0, "cart": [{"item_id": 2, "item_qty": 1, "item_name": "Flaxseed Brownie"}], "payment_status": "3", "order_status": "1", "timestamp_created_at": "2022-10-01T17:38:44.966Z", "timestamp_updated_at": "2022-10-01T17:38:44.966Z", "shippingAddress": {"city": " Mumbai", "address": "Andheri west", "country": "India", "postalCode": "400093"}}}, {"model": "api_orders.order", "pk": 16, "fields": {"order_id": "PAY2ME20221001ODR3197", "user": 5, "amount": 150.0, "cart": [{"item_id": 2, "item_qty": 1, "item_name": "Flaxseed Brownie"}], "payment_status": "3", "order_status": "1", "timestamp_created_at": "2022-10-01T17:56:03.871Z", "timestamp_updated_at": "2022-10-01T17:56:03.871Z", "shippingAddress": {"city": " Mumbai", "address": "Andheri west", "country": "India", "postalCode": "400093"}}}, {"model": "api_orders.order", "pk": 17, "fields": {"order_id": "PAY2ME20221001ODR8737", "user": 5, "amount": 150.0, "cart": [{"item_id": 2, "item_qty": 1, "item_name": "Flaxseed Brownie"}], "payment_status": "3", "order_status": "1", "timestamp_created_at": "2022-10-01T18:08:04.931Z", "timestamp_updated_at": "2022-10-01T18:08:04.931Z", "shippingAddress": {"city": " Mumbai", "address": "Andheri west", "country": "India", "postalCode": "400093"}}}, {"model": "api_orders.order", "pk": 18, "fields": {"order_id": "PAY2ME20221001ODR98a6", "user": 5, "amount": 125.0, "cart": [{"item_id": 3, "item_qty": 1, "item_name": "Coconut Tart"}], "payment_status": "3", "order_status": "1", "timestamp_created_at": "2022-10-01T18:09:27.642Z", "timestamp_updated_at": "2022-10-01T18:09:27.642Z", "shippingAddress": {"city": " Mumbai", "address": "Andheri west", "country": "India", "postalCode": "400093"}}}, {"model": "api_orders.order", "pk": 19, "fields": {"order_id": "PAY2ME20221001ODR2913", "user": 5, "amount": 125.0, "cart": [{"item_id": 3, "item_qty": 1, "item_name": "Coconut Tart"}], "payment_status": "3", "order_status": "1", "timestamp_created_at": "2022-10-01T18:09:57.061Z", "timestamp_updated_at": "2022-10-01T18:09:57.061Z", "shippingAddress": {"city": " Mumbai", "address": "Andheri west", "country": "India", "postalCode": "400093"}}}, {"model": "api_orders.order", "pk": 20, "fields": {"order_id": "PAY2ME20221001ODR669c", "user": 5, "amount": 125.0, "cart": [{"item_id": 3, "item_qty": 1, "item_name": "Coconut Tart"}], "payment_status": "3", "order_status": "1", "timestamp_created_at": "2022-10-01T18:12:54.282Z", "timestamp_updated_at": "2022-10-01T18:12:54.282Z", "shippingAddress": {"city": " Mumbai", "address": "Andheri west", "country": "India", "postalCode": "400093"}}}, {"model": "api_orders.order", "pk": 21, "fields": {"order_id": "PAY2ME20221001ODR96fe", "user": 5, "amount": 125.0, "cart": [{"item_id": 3, "item_qty": 1, "item_name": "Coconut Tart"}], "payment_status": "3", "order_status": "4", "timestamp_created_at": "2022-10-01T18:13:18.639Z", "timestamp_updated_at": "2022-10-25T15:50:47.649Z", "shippingAddress": {"city": " Mumbai", "address": "Andheri west", "country": "India", "postalCode": "400093"}}}, {"model": "api_orders.order", "pk": 22, "fields": {"order_id": "PAY2ME20221001ODRce75", "user": 6, "amount": 150.0, "cart": [{"item_id": 2, "item_qty": 1, "item_name": "Flaxseed Brownie"}], "payment_status": "3", "order_status": "1", "timestamp_created_at": "2022-10-01T18:17:35.462Z", "timestamp_updated_at": "2022-10-01T18:17:35.462Z", "shippingAddress": {"city": " Mumbai", "address": "Andheri west", "country": "India", "postalCode": "400093"}}}, {"model": "api_orders.order", "pk": 23, "fields": {"order_id": "PAY2ME20221001ODR2eb1", "user": 6, "amount": 150.0, "cart": [{"item_id": 2, "item_qty": 1, "item_name": "Flaxseed Brownie"}], "payment_status": "3", "order_status": "1", "timestamp_created_at": "2022-10-01T18:18:15.596Z", "timestamp_updated_at": "2022-10-01T18:18:15.596Z", "shippingAddress": {"city": " Mumbai", "address": "Andheri west", "country": "India", "postalCode": "400093"}}}, {"model": "api_orders.order", "pk": 24, "fields": {"order_id": "PAY2ME20221001ODRe9b3", "user": 6, "amount": 150.0, "cart": [{"item_id": 2, "item_qty": 1, "item_name": "Flaxseed Brownie"}], "payment_status": "3", "order_status": "1", "timestamp_created_at": "2022-10-01T18:18:47.464Z", "timestamp_updated_at": "2022-10-01T18:18:47.464Z", "shippingAddress": {"city": " Mumbai", "address": "Andheri west", "country": "India", "postalCode": "400093"}}}, {"model": "api_orders.order", "pk": 25, "fields": {"order_id": "PAY2ME20221001ODRef6a", "user": 6, "amount": 150.0, "cart": [{"item_id": 2, "item_qty": 1, "item_name": "Flaxseed Brownie"}], "payment_status": "3", "order_status": "1", "timestamp_created_at": "2022-10-01T18:19:45.511Z", "timestamp_updated_at": "2022-10-01T18:19:45.512Z", "shippingAddress": {"city": " Mumbai", "address": "Andheri west", "country": "India", "postalCode": "400093"}}}, {"model": "api_orders.order", "pk": 26, "fields": {"order_id": "PAY2ME20221001ODR51d4", "user": 6, "amount": 150.0, "cart": [{"item_id": 2, "item_qty": 1, "item_name": "Flaxseed Brownie"}], "payment_status": "3", "order_status": "1", "timestamp_created_at": "2022-10-01T18:20:17.944Z", "timestamp_updated_at": "2022-10-01T18:20:17.944Z", "shippingAddress": {"city": " Mumbai", "address": "Andheri west", "country": "India", "postalCode": "400093"}}}, {"model": "api_orders.order", "pk": 27, "fields": {"order_id": "PAY2ME20221001ODRb799", "user": 6, "amount": 125.0, "cart": [{"item_id": 3, "item_qty": 1, "item_name": "Coconut Tart"}], "payment_status": "3", "order_status": "1", "timestamp_created_at": "2022-10-01T18:25:45.559Z", "timestamp_updated_at": "2022-10-01T18:25:45.559Z", "shippingAddress": {"city": " Mumbai", "address": "Andheri west", "country": "India", "postalCode": "400093"}}}, {"model": "api_orders.order", "pk": 28, "fields": {"order_id": "PAY2ME20221001ODR6956", "user": 6, "amount": 150.0, "cart": [{"item_id": 2, "item_qty": 1, "item_name": "Flaxseed Brownie"}], "payment_status": "3", "order_status": "1", "timestamp_created_at": "2022-10-01T18:30:35.545Z", "timestamp_updated_at": "2022-10-01T18:30:35.545Z", "shippingAddress": {"city": " Mumbai", "address": "Andheri west", "country": "India", "postalCode": "400093"}}}, {"model": "api_orders.order", "pk": 29, "fields": {"order_id": "PAY2ME20221001ODRc7f3", "user": 6, "amount": 150.0, "cart": [{"item_id": 2, "item_qty": 1, "item_name": "Flaxseed Brownie"}], "payment_status": "3", "order_status": "1", "timestamp_created_at": "2022-10-01T18:31:15.764Z", "timestamp_updated_at": "2022-10-01T18:31:15.764Z", "shippingAddress": {"city": " Mumbai", "address": "Andheri west", "country": "India", "postalCode": "400093"}}}, {"model": "api_orders.order", "pk": 30, "fields": {"order_id": "PAY2ME20221001ODR7631", "user": 6, "amount": 125.0, "cart": [{"item_id": 3, "item_qty": 1, "item_name": "Coconut Tart"}], "payment_status": "3", "order_status": "1", "timestamp_created_at": "2022-10-01T18:32:12.195Z", "timestamp_updated_at": "2022-10-01T18:32:12.195Z", "shippingAddress": {"city": " Mumbai", "address": "Andheri west", "country": "India", "postalCode": "400093"}}}, {"model": "api_orders.order", "pk": 31, "fields": {"order_id": "PAY2ME20221001ODR60f6", "user": 7, "amount": 150.0, "cart": [{"item_id": 2, "item_qty": 1, "item_name": "Flaxseed Brownie"}], "payment_status": "3", "order_status": "1", "timestamp_created_at": "2022-10-01T18:38:05.213Z", "timestamp_updated_at": "2022-10-01T18:38:05.213Z", "shippingAddress": {"city": " Mumbai", "address": "Andheri west", "country": "India", "postalCode": "400093"}}}, {"model": "api_orders.order", "pk": 32, "fields": {"order_id": "PAY2ME20221001ODRe5bf", "user": 7, "amount": 150.0, "cart": [{"item_id": 2, "item_qty": 1, "item_name": "Flaxseed Brownie"}], "payment_status": "3", "order_status": "1", "timestamp_created_at": "2022-10-01T18:40:47.627Z", "timestamp_updated_at": "2022-10-01T18:40:47.627Z", "shippingAddress": {"city": " Mumbai", "address": "Andheri west", "country": "India", "postalCode": "400093"}}}, {"model": "api_orders.order", "pk": 33, "fields": {"order_id": "PAY2ME20221001ODRd950", "user": 7, "amount": 125.0, "cart": [{"item_id": 3, "item_qty": 1, "item_name": "Coconut Tart"}], "payment_status": "3", "order_status": "1", "timestamp_created_at": "2022-10-01T18:43:42.858Z", "timestamp_updated_at": "2022-10-01T18:43:42.858Z", "shippingAddress": {"city": " Mumbai", "address": "Andheri west", "country": "India", "postalCode": "400093"}}}, {"model": "api_orders.order", "pk": 34, "fields": {"order_id": "PAY2ME20221001ODR06ad", "user": 7, "amount": 125.0, "cart": [{"item_id": 3, "item_qty": 1, "item_name": "Coconut Tart"}], "payment_status": "3", "order_status": "1", "timestamp_created_at": "2022-10-01T18:57:27.407Z", "timestamp_updated_at": "2022-10-01T18:57:27.407Z", "shippingAddress": {"city": " Mumbai", "address": "Andheri west", "country": "India", "postalCode": "400093"}}}, {"model": "api_orders.order", "pk": 35, "fields": {"order_id": "PAY2ME20221001ODRf9d1", "user": 5, "amount": 150.0, "cart": [{"item_id": 2, "item_qty": 1, "item_name": "Flaxseed Brownie"}], "payment_status": "3", "order_status": "1", "timestamp_created_at": "2022-10-01T19:10:39.823Z", "timestamp_updated_at": "2022-10-01T19:10:39.823Z", "shippingAddress": {"city": " Mumbai", "address": "Andheri west", "country": "India", "postalCode": "400093"}}}, {"model": "api_orders.order", "pk": 36, "fields": {"order_id": "PAY2ME20221001ODR26cf", "user": 5, "amount": 150.0, "cart": [{"item_id": 2, "item_qty": 1, "item_name": "Flaxseed Brownie"}], "payment_status": "3", "order_status": "1", "timestamp_created_at": "2022-10-01T19:11:46.828Z", "timestamp_updated_at": "2022-10-01T19:11:46.829Z", "shippingAddress": {"city": " Mumbai", "address": "Andheri west", "country": "India", "postalCode": "400093"}}}, {"model": "api_orders.order", "pk": 37, "fields": {"order_id": "PAY2ME20221001ODR67cf", "user": 5, "amount": 125.0, "cart": [{"item_id": 3, "item_qty": 1, "item_name": "Coconut Tart"}], "payment_status": "3", "order_status": "1", "timestamp_created_at": "2022-10-01T19:14:33.851Z", "timestamp_updated_at": "2022-10-01T19:14:33.851Z", "shippingAddress": {"city": " Mumbai", "address": "Andheri west", "country": "India", "postalCode": "400093"}}}, {"model": "api_orders.order", "pk": 38, "fields": {"order_id": "PAY2ME20221001ODRe656", "user": 5, "amount": 275.0, "cart": [{"item_id": 2, "item_qty": 1, "item_name": "Flaxseed Brownie"}, {"item_id": 3, "item_qty": 1, "item_name": "Coconut Tart"}], "payment_status": "3", "order_status": "1", "timestamp_created_at": "2022-10-01T19:22:57.544Z", "timestamp_updated_at": "2022-10-01T19:22:57.544Z", "shippingAddress": {"city": " Mumbai", "address": "Andheri west", "country": "India", "postalCode": "400093"}}}, {"model": "api_orders.order", "pk": 39, "fields": {"order_id": "PAY2ME20221002ODRce02", "user": 6, "amount": 150.0, "cart": [{"item_id": 2, "item_qty": 1, "item_name": "Flaxseed Brownie"}], "payment_status": "3", "order_status": "1", "timestamp_created_at": "2022-10-02T14:16:38.666Z", "timestamp_updated_at": "2022-10-02T14:16:38.666Z", "shippingAddress": {"city": " Mumbai", "address": "Flat no B/4, Sai ashish CHS, Mahakali Caves Road, Andheri east", "country": "India", "postalCode": "400064"}}}, {"model": "api_orders.order", "pk": 40, "fields": {"order_id": "PAY2ME20221002ODR870d", "user": 8, "amount": 125.0, "cart": [{"item_id": 3, "item_qty": 1, "item_name": "Coconut Tart"}], "payment_status": "3", "order_status": "1", "timestamp_created_at": "2022-10-02T14:54:37.741Z", "timestamp_updated_at": "2022-10-02T14:54:37.741Z", "shippingAddress": {"city": " Mumbai", "address": "Flat no B/4, Sai ashish CHS, Mahakali Caves Road, Andheri east", "country": "India", "postalCode": "400064"}}}, {"model": "api_orders.order", "pk": 41, "fields": {"order_id": "PAY2ME20221002ODRb483", "user": 8, "amount": 150.0, "cart": [{"item_id": 2, "item_qty": 1, "item_name": "Flaxseed Brownie"}], "payment_status": "3", "order_status": "1", "timestamp_created_at": "2022-10-02T15:04:19.673Z", "timestamp_updated_at": "2022-10-02T15:04:19.673Z", "shippingAddress": {"city": " Mumbai", "address": "Flat no B/4, Sai ashish CHS, Mahakali Caves Road, Andheri east", "country": "India", "postalCode": "400064"}}}, {"model": "api_orders.order", "pk": 42, "fields": {"order_id": "PAY2ME20221002ODR7403", "user": 9, "amount": 125.0, "cart": [{"item_id": 3, "item_qty": 1, "item_name": "Coconut Tart"}], "payment_status": "3", "order_status": "1", "timestamp_created_at": "2022-10-02T15:06:31.091Z", "timestamp_updated_at": "2022-10-02T15:06:31.092Z", "shippingAddress": {"city": " Mumbai", "address": "Flat no B/4, Sai ashish CHS, Mahakali Caves Road, Andheri east", "country": "India", "postalCode": "400064"}}}, {"model": "api_orders.order", "pk": 43, "fields": {"order_id": "PAY2ME20221002ODR6ba5", "user": 9, "amount": 150.0, "cart": [{"item_id": 2, "item_qty": 1, "item_name": "Flaxseed Brownie"}], "payment_status": "3", "order_status": "1", "timestamp_created_at": "2022-10-02T15:10:33.320Z", "timestamp_updated_at": "2022-10-02T15:10:33.320Z", "shippingAddress": {"city": " Mumbai", "address": "Flat no B/4, Sai ashish CHS, Mahakali Caves Road, Andheri east", "country": "India", "postalCode": "400064"}}}, {"model": "api_orders.order", "pk": 44, "fields": {"order_id": "PAY2ME20221002ODRfa59", "user": 6, "amount": 125.0, "cart": [{"item_id": 3, "item_qty": 1, "item_name": "Coconut Tart"}], "payment_status": "3", "order_status": "1", "timestamp_created_at": "2022-10-02T15:16:39.832Z", "timestamp_updated_at": "2022-10-02T15:16:39.832Z", "shippingAddress": {"city": " Mumbai", "address": "Flat no B/4, Sai ashish CHS, Mahakali Caves Road, Andheri east", "country": "India", "postalCode": "400064"}}}, {"model": "api_orders.order", "pk": 45, "fields": {"order_id": "PAY2ME20221002ODRff5a", "user": 6, "amount": 125.0, "cart": [{"item_id": 3, "item_qty": 1, "item_name": "Coconut Tart"}], "payment_status": "3", "order_status": "1", "timestamp_created_at": "2022-10-02T15:17:45.083Z", "timestamp_updated_at": "2022-10-02T15:17:45.083Z", "shippingAddress": {"city": " Mumbai", "address": "Flat no B/4, Sai ashish CHS, Mahakali Caves Road, Andheri east", "country": "India", "postalCode": "400064"}}}, {"model": "api_orders.order", "pk": 46, "fields": {"order_id": "PAY2ME20221002ODR1cba", "user": 6, "amount": 125.0, "cart": [{"item_id": 3, "item_qty": 1, "item_name": "Coconut Tart"}], "payment_status": "3", "order_status": "1", "timestamp_created_at": "2022-10-02T15:20:11.234Z", "timestamp_updated_at": "2022-10-02T15:20:11.234Z", "shippingAddress": {"city": " Mumbai", "address": "Flat no B/4, Sai ashish CHS, Mahakali Caves Road, Andheri east", "country": "India", "postalCode": "400064"}}}, {"model": "api_orders.order", "pk": 47, "fields": {"order_id": "PAY2ME20221002ODR96b1", "user": 6, "amount": 150.0, "cart": [{"item_id": 2, "item_qty": 1, "item_name": "Flaxseed Brownie"}], "payment_status": "3", "order_status": "1", "timestamp_created_at": "2022-10-02T15:24:17.223Z", "timestamp_updated_at": "2022-10-02T15:24:17.223Z", "shippingAddress": {"city": " Mumbai", "address": "Flat no B/4, Sai ashish CHS, Mahakali Caves Road, Andheri east", "country": "India", "postalCode": "400064"}}}, {"model": "api_orders.order", "pk": 48, "fields": {"order_id": "PAY2ME20221002ODR34c9", "user": 6, "amount": 150.0, "cart": [{"item_id": 2, "item_qty": 1, "item_name": "Flaxseed Brownie"}], "payment_status": "3", "order_status": "1", "timestamp_created_at": "2022-10-02T15:24:57.143Z", "timestamp_updated_at": "2022-10-02T15:24:57.143Z", "shippingAddress": {"city": " Mumbai", "address": "Flat no B/4, Sai ashish CHS, Mahakali Caves Road, Andheri east", "country": "India", "postalCode": "400064"}}}, {"model": "api_orders.order", "pk": 49, "fields": {"order_id": "PAY2ME20221002ODR389e", "user": 10, "amount": 150.0, "cart": [{"item_id": 2, "item_qty": 1, "item_name": "Flaxseed Brownie"}], "payment_status": "3", "order_status": "1", "timestamp_created_at": "2022-10-02T15:30:07.592Z", "timestamp_updated_at": "2022-10-02T15:30:07.593Z", "shippingAddress": {"city": " Mumbai", "address": "Flat no B/4, Sai ashish CHS, Mahakali Caves Road, Andheri east", "country": "India", "postalCode": "400064"}}}, {"model": "api_orders.order", "pk": 50, "fields": {"order_id": "PAY2ME20221002ODR939a", "user": 10, "amount": 125.0, "cart": [{"item_id": 3, "item_qty": 1, "item_name": "Coconut Tart"}], "payment_status": "3", "order_status": "1", "timestamp_created_at": "2022-10-02T15:32:45.920Z", "timestamp_updated_at": "2022-10-02T15:32:45.920Z", "shippingAddress": {"city": " Mumbai", "address": "Flat no B/4, Sai ashish CHS, Mahakali Caves Road, Andheri east", "country": "India", "postalCode": "400064"}}}, {"model": "api_orders.order", "pk": 51, "fields": {"order_id": "PAY2ME20221002ODRccc7", "user": 10, "amount": 125.0, "cart": [{"item_id": 3, "item_qty": 1, "item_name": "Coconut Tart"}], "payment_status": "3", "order_status": "1", "timestamp_created_at": "2022-10-02T15:34:31.292Z", "timestamp_updated_at": "2022-10-02T15:34:31.292Z", "shippingAddress": {"city": " Mumbai", "address": "Flat no B/4, Sai ashish CHS, Mahakali Caves Road, Andheri east", "country": "India", "postalCode": "400064"}}}, {"model": "api_orders.order", "pk": 52, "fields": {"order_id": "PAY2ME20221002ODRddf7", "user": 10, "amount": 150.0, "cart": [{"item_id": 2, "item_qty": 1, "item_name": "Flaxseed Brownie"}], "payment_status": "3", "order_status": "1", "timestamp_created_at": "2022-10-02T15:35:40.148Z", "timestamp_updated_at": "2022-10-02T15:35:40.148Z", "shippingAddress": {"city": " Mumbai", "address": "Flat no B/4, Sai ashish CHS, Mahakali Caves Road, Andheri east", "country": "India", "postalCode": "400064"}}}, {"model": "api_orders.order", "pk": 53, "fields": {"order_id": "PAY2ME20221002ODRf946", "user": 10, "amount": 150.0, "cart": [{"item_id": 2, "item_qty": 1, "item_name": "Flaxseed Brownie"}], "payment_status": "3", "order_status": "1", "timestamp_created_at": "2022-10-02T15:38:32.023Z", "timestamp_updated_at": "2022-10-02T15:38:32.023Z", "shippingAddress": {"city": " Mumbai", "address": "Flat no B/4, Sai ashish CHS, Mahakali Caves Road, Andheri east", "country": "India", "postalCode": "400064"}}}, {"model": "api_orders.order", "pk": 54, "fields": {"order_id": "PAY2ME20221002ODRb53f", "user": 10, "amount": 150.0, "cart": [{"item_id": 2, "item_qty": 1, "item_name": "Flaxseed Brownie"}], "payment_status": "3", "order_status": "1", "timestamp_created_at": "2022-10-02T15:39:07.318Z", "timestamp_updated_at": "2022-10-02T15:39:07.318Z", "shippingAddress": {"city": " Mumbai", "address": "Flat no B/4, Sai ashish CHS, Mahakali Caves Road, Andheri east", "country": "India", "postalCode": "400064"}}}, {"model": "api_orders.order", "pk": 55, "fields": {"order_id": "PAY2ME20221002ODR7e95", "user": 10, "amount": 150.0, "cart": [{"item_id": 2, "item_qty": 1, "item_name": "Flaxseed Brownie"}], "payment_status": "3", "order_status": "1", "timestamp_created_at": "2022-10-02T15:40:14.486Z", "timestamp_updated_at": "2022-10-02T15:40:14.486Z", "shippingAddress": {"city": " Mumbai", "address": "Flat no B/4, Sai ashish CHS, Mahakali Caves Road, Andheri east", "country": "India", "postalCode": "400064"}}}, {"model": "api_orders.order", "pk": 56, "fields": {"order_id": "PAY2ME20221002ODRecd8", "user": 11, "amount": 150.0, "cart": [{"item_id": 2, "item_qty": 1, "item_name": "Flaxseed Brownie"}], "payment_status": "3", "order_status": "1", "timestamp_created_at": "2022-10-02T15:44:45.059Z", "timestamp_updated_at": "2022-10-02T15:44:45.059Z", "shippingAddress": {"city": " Mumbai", "address": "Flat no B/4, Sai ashish CHS, Mahakali Caves Road, Andheri east", "country": "India", "postalCode": "400064"}}}, {"model": "api_orders.order", "pk": 57, "fields": {"order_id": "PAY2ME20221002ODRca60", "user": 11, "amount": 275.0, "cart": [{"item_id": 2, "item_qty": 1, "item_name": "Flaxseed Brownie"}, {"item_id": 3, "item_qty": 1, "item_name": "Coconut Tart"}], "payment_status": "3", "order_status": "1", "timestamp_created_at": "2022-10-02T16:14:16.532Z", "timestamp_updated_at": "2022-10-02T16:14:16.532Z", "shippingAddress": {"city": " Mumbai", "address": "Flat no B/4, Sai ashish CHS, Mahakali Caves Road, Andheri east", "country": "India", "postalCode": "400093"}}}, {"model": "api_orders.order", "pk": 58, "fields": {"order_id": "PAY2ME20221025ODR1485", "user": 12, "amount": 243.72, "cart": [{"item_id": 2, "item_qty": 1, "item_name": "Flaxseed Brownie"}], "payment_status": "3", "order_status": "1", "timestamp_created_at": "2022-10-24T20:43:37.426Z", "timestamp_updated_at": "2022-10-24T20:43:37.426Z", "shippingAddress": {"city": " Mumbai", "address": "Spectrum Tower, Malad, Rajan Pada, Mindspace, Malad West", "country": "India", "postalCode": "400064"}}}, {"model": "api_orders.order", "pk": 59, "fields": {"order_id": "PAY2ME20221025ODR14c4", "user": 15, "amount": 243.72, "cart": [{"item_id": 2, "item_qty": 1, "item_name": "Flaxseed Brownie"}], "payment_status": "3", "order_status": "4", "timestamp_created_at": "2022-10-25T11:58:10.201Z", "timestamp_updated_at": "2022-10-26T19:14:25.883Z", "shippingAddress": {"city": " Mumbai", "address": "Spectrum Tower, Malad, Rajan Pada, Mindspace, Malad West", "country": "India", "postalCode": "400064"}}}, {"model": "api_orders.order", "pk": 60, "fields": {"order_id": "PAY2ME20221025ODRf07d", "user": 15, "amount": 218.72, "cart": [{"item_id": 3, "item_qty": 1, "item_name": "Coconut Tart"}], "payment_status": "3", "order_status": "1", "timestamp_created_at": "2022-10-25T12:39:29.607Z", "timestamp_updated_at": "2022-10-25T12:39:29.608Z", "shippingAddress": {"city": " Mumbai", "address": "Spectrum Tower, Malad, Rajan Pada, Mindspace, Malad West", "country": "India", "postalCode": "400064"}}}, {"model": "api_orders.order", "pk": 61, "fields": {"order_id": "PAY2ME20221026ODR008f", "user": 15, "amount": 245.96, "cart": [{"item_id": 2, "item_qty": 1, "item_name": "Flaxseed Brownie"}], "payment_status": "3", "order_status": "1", "timestamp_created_at": "2022-10-26T07:26:14.864Z", "timestamp_updated_at": "2022-10-26T07:26:14.864Z", "shippingAddress": {"city": " Mumbai", "address": "Spectrum Tower, Malad, Rajan Pada, Mindspace, Malad West", "country": "India", "postalCode": "400064"}}}, {"model": "api_orders.order", "pk": 62, "fields": {"order_id": "PAY2ME20221027ODRe06f", "user": 15, "amount": 3493.72, "cart": [{"item_id": 2, "item_qty": 11, "item_name": "Flaxseed Brownie"}, {"item_id": 3, "item_qty": 14, "item_name": "Coconut Tart"}], "payment_status": "3", "order_status": "2", "timestamp_created_at": "2022-10-26T18:55:09.322Z", "timestamp_updated_at": "2022-10-26T19:01:34.851Z", "shippingAddress": {"city": " Mumbai", "address": "Spectrum Tower, Malad, Rajan Pada, Mindspace, Malad West", "country": "India", "postalCode": "400064"}}}, {"model": "api_orders.order", "pk": 63, "fields": {"order_id": "PAY2ME20221027ODRad73", "user": 15, "amount": 593.72, "cart": [{"item_id": 3, "item_qty": 4, "item_name": "Coconut Tart"}], "payment_status": "3", "order_status": "1", "timestamp_created_at": "2022-10-26T19:03:42.630Z", "timestamp_updated_at": "2022-10-26T19:03:42.630Z", "shippingAddress": {"city": " Mumbai", "address": "Spectrum Tower, Malad, Rajan Pada, Mindspace, Malad West", "country": "India", "postalCode": "400064"}}}, {"model": "api_orders.order", "pk": 64, "fields": {"order_id": "PAY2ME20221028ODR0fd5", "user": 15, "amount": 38862.72, "cart": [{"item_id": 3, "item_qty": 9, "item_name": "Coconut Tart"}, {"item_id": 6, "item_qty": 9, "item_name": "Peanut Butter Cup"}, {"item_id": 9, "item_qty": 8, "item_name": "Family Pack"}, {"item_id": 7, "item_qty": 14, "item_name": "Solo Pack"}], "payment_status": "3", "order_status": "4", "timestamp_created_at": "2022-10-28T17:57:06.860Z", "timestamp_updated_at": "2022-10-28T17:58:09.862Z", "shippingAddress": {"city": " Mumbai", "address": "Spectrum Tower, Malad, Rajan Pada, Mindspace, Malad West", "country": "India", "postalCode": "400064"}}}, {"model": "api_orders.order", "pk": 65, "fields": {"order_id": "PAY2ME20221029ODRa267", "user": 15, "amount": 3289.72, "cart": [{"item_id": 9, "item_qty": 1, "item_name": "Family Pack"}], "payment_status": "3", "order_status": "1", "timestamp_created_at": "2022-10-28T18:50:41.885Z", "timestamp_updated_at": "2022-10-28T18:50:41.885Z", "shippingAddress": {"city": " Mumbai", "address": "Spectrum Tower, Malad, Rajan Pada, Mindspace, Malad West", "country": "India", "postalCode": "400064"}}}, {"model": "api_orders.order", "pk": 66, "fields": {"order_id": "PAY2ME20221029ODR2b40", "user": 15, "amount": 1683.72, "cart": [{"item_id": 8, "item_qty": 1, "item_name": "Couple Pack"}], "payment_status": "3", "order_status": "1", "timestamp_created_at": "2022-10-28T18:52:09.264Z", "timestamp_updated_at": "2022-10-28T18:52:09.264Z", "shippingAddress": {"city": " Mumbai", "address": "Spectrum Tower, Malad, Rajan Pada, Mindspace, Malad West", "country": "India", "postalCode": "400064"}}}, {"model": "api_orders.extendeduser", "pk": 1, "fields": {"phone_no": "7977209512", "user": 2}}, {"model": "api_orders.extendeduser", "pk": 2, "fields": {"phone_no": "7977209712", "user": 3}}, {"model": "api_orders.extendeduser", "pk": 3, "fields": {"phone_no": "7977209512", "user": 4}}, {"model": "api_orders.extendeduser", "pk": 4, "fields": {"phone_no": "7977209512", "user": 5}}, {"model": "api_orders.extendeduser", "pk": 5, "fields": {"phone_no": "7977209512", "user": 6}}, {"model": "api_orders.extendeduser", "pk": 6, "fields": {"phone_no": "9389389229", "user": 7}}, {"model": "api_orders.extendeduser", "pk": 7, "fields": {"phone_no": "7977209512", "user": 8}}, {"model": "api_orders.extendeduser", "pk": 8, "fields": {"phone_no": "8929484282", "user": 9}}, {"model": "api_orders.extendeduser", "pk": 9, "fields": {"phone_no": "79777209512", "user": 10}}, {"model": "api_orders.extendeduser", "pk": 10, "fields": {"phone_no": "7977309721", "user": 11}}, {"model": "api_orders.extendeduser", "pk": 11, "fields": {"phone_no": "79772095122", "user": 12}}, {"model": "api_orders.extendeduser", "pk": 12, "fields": {"phone_no": "7977095121", "user": 14}}, {"model": "api_orders.extendeduser", "pk": 13, "fields": {"phone_no": "7977209612", "user": 16}}, {"model": "api_orders.extendeduser", "pk": 14, "fields": {"phone_no": "7977209512", "user": 15}}]